title,company,location,link,job_id
N/A,b.telligent,Germany (Remote),https://www.linkedin.com/jobs/view/4347570400/?eBP=CwEAAAGbSBnbrPJIDDqKCrVWjZmtGW7Jgp_G0s3CXMST9BrxQKFyh1VPs9G8B1-lEJDBhb5BCzBlBXoCFqrcQ7kerHbRkBnI2Qdb21NRnA1AWnnH9wxXejOup1m_ukKjnoUPoStrBLbB3Lt3oLGHvNEwfo2c75vnJBHnbd4hu5nNlZeyzOxQJ-zJzIkxHcuv_oF6tN7tqOqTppH17KkQoObWAAe3cQNLsoSNx_4GbyMF-YPVw-GWAJHVI0jWJF6rW58z1QkYCIhioRus61TnAtq3EuErLOgcLG5kdd39of3A8jylVgc9V5DubNq32lI3qKEBNCu-ek1BUNs-7oJLDYy6Xqs1S8U0o12AmvDtDq9ziTaS3Qb24cISXfoPWm8UHKunKq2c7bbiagWkHn9HbN-4z3hYPG2mwetKXpCbOyRWxfl440fdMwHArmZAr-tL24A2LdJSFIiTFqXM-mNlSzWhTN0knLZlNNfpNkuFoUDJPcWdc_afmQkxXpt-XrBmtSxUwt8v&refId=%2FYLnxgX7b1RpysSpmJ6NTg%3D%3D&trackingId=C49t9Ys9LLrtfyZCy4KvUw%3D%3D&trk=flagship3_search_srp_jobs,4347570400
N/A,Talonic,"Berlin, Germany (Hybrid)",https://www.linkedin.com/jobs/view/4328780600/?eBP=CwEAAAGbSBnbrG8n6J8-2rjXEWSrSUh5YyUUoyls6bCDA7a7SkczzTN_G1R7D2IRYm1-UBkwWAFTEdDbxB2VaSTrXMy1gzC7zp1B7ubQg-27i3-DalmfgC1zNO_GlHCsEfj-CAa2TTUL4XRgjqg6j5F698-MYY6SXepLHBSV-4QQwfGdR2xJwFGZLNvNuF_dOTr32ATdoAaGlXEXFD1yyenvS4vxS2EbB0iD72IBXX12dTbTxi2TUj2r77ytxojDbg0aZtP4og5uGKM6YSGbF3JElWaSPAK8nm9qRHTMJ87Sy09AxeAHsmzS1KA-0Q2htWbW4K9ujtf1tzm10ninxGCDIKH65kX_ZA3t8zZheDxoAYOiq3aLJcgcVJcu7IHLBxC5I24LEf8JhV-favYJhPN3WEZcOvFvCrq0gifUPCg6TiER24OBdd3WuLBn0zD6P_alKbiHRZlxZ_5ZaEOqVNhAanbmJnBcRcd9E7GjtM8xYUX376BhysGMqAblXg&refId=%2FYLnxgX7b1RpysSpmJ6NTg%3D%3D&trackingId=Rm3DuXIIopmALkN2naB%2Blw%3D%3D&trk=flagship3_search_srp_jobs,4328780600
N/A,DKB | Deutsche Kreditbank AG,"Berlin, Berlin, Germany (On-site)",https://www.linkedin.com/jobs/view/4328536109/?eBP=CwEAAAGbSBnbrJhhxT0AGOLSoSLH3np4fKySF4R3h5i5EJHFxNeOZ-9QwAh_ThBHptJQwNMYyrA0lfalsgszrNFTgfdNDFfP7CsBUfwiRLdpLLLQxr8cEjdKa9TwdFL3YQZVVcj4qaezpIa8mufq7ev1KWTBgSmfe73iu78KKudu7295uTCbWY4mmjYYjuYm1-TEHM_Z2BhETszGz4XczN5lPKZZo4MIqgVVCmQNsm0g5dzibUXqHrmDUVZNIKEHMOdtBsS2YZItq29yS7CESnxfeNN4LYZfoP0TgjnoDeMyO_j7g8fdGFqRa_ms-OXVv-QDWtSUz_qu7EMbXMAQ9Sc1OKFllHkN7fgsAQDvm9SydBbAPXOoGR-vLsa0Qnh4gEhRB0Ce4qC40G42TSWuhKM_Q1lywWaJ_J3OFqphbwZlCF1Anym5KPtco-ACAlR37ZybBi4Hdgsnf2IZnIdXAdH5kEhgxCx8mxM_rpNDhm42RbZKf25GI_O9_nKFO15hxgpMF6x4m7xQ6lOh&refId=%2FYLnxgX7b1RpysSpmJ6NTg%3D%3D&trackingId=BNKyPumoIiknzWyBOvWHxg%3D%3D&trk=flagship3_search_srp_jobs,4328536109
N/A,DKB Service GmbH,"Berlin, Berlin, Germany (On-site)",https://www.linkedin.com/jobs/view/4328606006/?eBP=CwEAAAGbSBnbrNFAd9V2QpUXiIgjDIhGYx_Z76He7_mXP9ilVOvaDv3b27DwXfu2SDPqhUpz7uH7r1pwEoiqnX0zyzRDJrM5YXsm80VfcfgDLEBf67IioWWATJ-OB_vq8OpNDQ5yv5LGKrhhrfgl-ghHv7f1Kd_tJojp6HDGn_Ygx2w5wuXBsmwhYLIolejRQVT0HD77FyiiIuB_cuQOOLI5uKRXRnIy0jch4s6sdsIvDFzzEHRJWjRnJvyraLwzuV01yc9k2OdxXgjvedrsfpbIruQqtsx9_NBE8aV2PjBz4gzbhNl0ygq0aX0bKDxGgRq_7XjN1UZAYR6PiHkiCy3bYeMzXPANmcdvl2jel0mSCXnT6birbtAsNTglaTnZj3ZrClOoJBfv5tCBMCA4ZdY_E6za3CfPylbH90f9_-w6SaLk2rsrqFQtUV7-7cWjj747CUrspV7q-0wmlbk7hpsBN0J5-mcdz93Qc63tXiJYIEJicXaWp36d0dQqx_zWM-uMqcgVKOWAshtb&refId=%2FYLnxgX7b1RpysSpmJ6NTg%3D%3D&trackingId=03r0gfPFheffZ7yWJlPD5g%3D%3D&trk=flagship3_search_srp_jobs,4328606006
N/A,N26,"Berlin, Berlin, Germany",https://www.linkedin.com/jobs/view/4328912913/?eBP=CwEAAAGbSBnbrGAlD5g2uSbGvz9Zc1elF7DAVdx3YaogxMbzfB41irGReLBLKhKUwGPFXgPm2-_ItM4ips_zcTYky4QIzHbmge58pReJraq5fkKwnTvt7vz6eT9vhkSf07DzglCAC6b4VFMYccQG1Sodxzq2maOWUeqNliz3j2f_SKo0jeg6d9IEfgaV56V-RRhxsidmNhpVrSXVNVQ6X-L8rLGCye4dgbsc3qEcfBCtXAT661PQ3-AWwz157zg1vPjA5uk4RGK4rl-UtH8LHKoybiMxZ_fVeeeI7BIcUsnljqlNjQv7h-u3l1aoMYmwNgKenKbv0aF18oe4UKWtVPtSHOI1j1Grac-S_0fMIooncceAxzlkEX8gEYwWGGCEGgKPAYMgOx68xJ0UpEP5V37bta8wNDvUJYlieFMDXoH5QtEt6f_S3G2TJgomvPabJOtPAkmjU7kCtNJ1h66CxP1RNKjytk6tP5oPjCvMteTUD_XkV41aOtZYUyR1BTS-NETLabDABvmnyXSK&refId=%2FYLnxgX7b1RpysSpmJ6NTg%3D%3D&trackingId=bi%2B7R4fm7LU1Mbope5bg6A%3D%3D&trk=flagship3_search_srp_jobs,4328912913
N/A,Wolt,"Berlin, Berlin, Germany (Hybrid)",https://www.linkedin.com/jobs/view/4328752727/?eBP=CwEAAAGbSBnbrPVxX25g85JoY3-ho0eR6oJ-S4PR6NK7wWx8lQxh9sM6DVIrf2-__p5QoLJgpzsVPojTamnZBKw6-Zhh6NW6nATae-TmIqNQmCFM2Hts1gjXyrx79tmDTwyo0yms5MSdsLUyqrTSu2SNgKPCdRrLTYrN-SNkilonoEWdTw05ipjQXHrhKKx_B9UoQ2F4lkVkw5nusczXk__NpjkyXa4l6H31ZFvRO1UMu7GWiRtuwCXwbvcIXg5UuNtNLSykd6R_51JZNJ-Ykz_rr4d_yArRvzcXZWODwb9jwGAhDYfJdnSWbcQX77NpX00HnCOt3kL7LKSZ5h2-7dAEUEbPjLgHQOEIfnGzv2mw-iu0PbOg1LsNeENvidENCjJNaQVyGAltAz4ufNGo6lshQrL02TQThNdamhe2RF_fyt55oxX1odIWO-IBzp3laXDYRdeGEne7WBn1QCJGI0whp3zogOcvicxvkJXK5nuv2WhUKSVsiKN4B7VvMcmOgwPhzjXECioRZ5D8nL8&refId=%2FYLnxgX7b1RpysSpmJ6NTg%3D%3D&trackingId=66cbD5RlR%2FNN9TkzBCFtiQ%3D%3D&trk=flagship3_search_srp_jobs,4328752727
N/A,RedCore,European Union (Remote),https://www.linkedin.com/jobs/view/4328489792/?eBP=BUDGET_EXHAUSTED_JOB&refId=%2FYLnxgX7b1RpysSpmJ6NTg%3D%3D&trackingId=B1KwqlgU7hXZ3RFmqHsB9A%3D%3D&trk=flagship3_search_srp_jobs,4328489792
N/A,Helsing,"Berlin, Berlin, Germany",https://www.linkedin.com/jobs/view/4316235569/?eBP=BUDGET_EXHAUSTED_JOB&refId=Uv8vXJYmamYSLoWPnozM1A%3D%3D&trackingId=pDFVHeg0js0OdAZdaMRF%2Fw%3D%3D&trk=flagship3_search_srp_jobs,4316235569
N/A,DKB Service GmbH,"Berlin, Berlin, Germany (On-site)",https://www.linkedin.com/jobs/view/4328676091/?eBP=CwEAAAGbSBnfxrnEMLmvMx5eafO_6cpuMerEzfxEgZlksPjY0-YpeT0ypHoppDnKVBpW5tuaoIxAoo-ZZd8Vxi30M_OOABK8v0AEEmJS3PYV_Oi0Z2qyK234n0ZzqMuYfFzqlisC0Xjzkj6XziteWmKv5Cw6Z52gqM4sUQOrW6AvBoIroCgA_rdipkeYUiPPhOOkaePOrI0ZoPkVgAeSHbku8C8HHuEfJZDXvZx_Aa56swemMODTnZH0x_9wFnHD0D27N7QPYZGPGvQ9SYAYJNzqH1_1cQ1u22h89iuOlpigShVWB5to2mck5zNYs8VtDcwZSvWcmFK7V3xLUfyK3nAO_ofRUkfrywV4kmDJnP5REAmhGbujDHxbjo8ATGZmmHu2yvNjaqCGb7eR66FUFlb-nDVeKOsvkAWexHCmPI6IablVnAsuWyAX44VZmd4O0iDbJu2coWBUxmZUI9L9kDj45mxG8RIJS7oyYu9A&refId=Uv8vXJYmamYSLoWPnozM1A%3D%3D&trackingId=vIZVemS4%2Fujd2hCG0x9E4A%3D%3D&trk=flagship3_search_srp_jobs,4328676091
N/A,Wolt,"Berlin, Berlin, Germany (Hybrid)",https://www.linkedin.com/jobs/view/4328693309/?eBP=CwEAAAGbSBnfxjB00RULPSPVrmw3oxYRLMgY8i-2oXP1hFUWY8ej5vXsV6c9u6rAx5ZDhtjducXDQk_BUEbT5sTDtjmH0POVT0bwOd2FbE-wE4Upd8zHznD73kA-yZz5IM5Gh0oanAXJX45BvhU3IuUkhkE0Ha_qyYY6UKg2s2YMAMpCTe1KsSQEvcXNVFlZ1K0mff6cziMf9cvrPstI1s7gkezCswzecc8twYLlp02fxrauGNQMcIK8OOQnjEVlJi8iP3E7MTnAbKWowgSdT4je6vtGBG4iVD1oVujJw8cuWbcqB-th9n-NX3CL1XNpF-XjgBegYScdfxIA-0OTBiizlFzBgJkavzStJBF0jQG5mLx4_dEqyYMP4mjjPVB2OF38-suUldqaRzycSR5gVYPBsuATIYVh2smFIs3HyT3hSJNzJ2xindnl2ZcaQIXd-R9rGKedjJKCWswbGZWT2Vcr1UxLa0S8Z2NOKg&refId=Uv8vXJYmamYSLoWPnozM1A%3D%3D&trackingId=bUxSguYO4L5Q8O7xGcO8cg%3D%3D&trk=flagship3_search_srp_jobs,4328693309
N/A,JD.COM,"Berlin, Berlin, Germany (On-site)",https://www.linkedin.com/jobs/view/4345665907/?eBP=BUDGET_EXHAUSTED_JOB&refId=Uv8vXJYmamYSLoWPnozM1A%3D%3D&trackingId=7FWZrImLJs2f1ZxgOGPcuw%3D%3D&trk=flagship3_search_srp_jobs,4345665907
N/A,Orbis Group,European Union (Remote),https://www.linkedin.com/jobs/view/4345841651/?eBP=BUDGET_EXHAUSTED_JOB&refId=Uv8vXJYmamYSLoWPnozM1A%3D%3D&trackingId=rT6bySj9ImLbOEAKLSOPgA%3D%3D&trk=flagship3_search_srp_jobs,4345841651
N/A,Highbrow Technology Inc,EMEA (Remote),https://www.linkedin.com/jobs/view/4328910397/?eBP=NOT_ELIGIBLE_FOR_CHARGING&refId=Uv8vXJYmamYSLoWPnozM1A%3D%3D&trackingId=p4Z6qGRegUNjnU8ufq0cow%3D%3D&trk=flagship3_search_srp_jobs,4328910397
N/A,Proxify,EMEA (Remote),https://www.linkedin.com/jobs/view/4334427930/?eBP=NOT_ELIGIBLE_FOR_CHARGING&refId=Uv8vXJYmamYSLoWPnozM1A%3D%3D&trackingId=%2B8tspYGUXJdomfjAkQce0Q%3D%3D&trk=flagship3_search_srp_jobs,4334427930
N/A,Innova Solutions,European Union (Remote),https://www.linkedin.com/jobs/view/4328458964/?eBP=CwEAAAGbSBqpoZv6hcg9HjfxvpMx1snavdPNUP09_0Ll-God-EGQ7zht9kqrsf0n8Ut8h94sqTO7DlsVl2Kjh8bDDtiers1XiJBC1RtAm8f8cjFKQVcBORXdU46_VSe2KL1VQH9vhGMMzVAnKLGtl-e0V23HOL4twNotCQiEZEi7dmrjnBjEp7dz77pz1M-muPptbm92Ku8JRZutrNdHT1d1D1qbPyZ7rnFsrtrHpHkyfGvwXG26EGivv8rh-hGspKp2bpAXZi8hjZaCcAlwrbwRltzw6V9fFu_AXLYLtrqs2SedYjiLSIti8dALDvBOE-e43YMdoJmWbOc6j1vW5La9baFxlbM4ZQ3kMQDvE9CV3eRPjffCcsP31r0TeHEma2PonLOWplCfhrfJtHkNu9B8Gz1TDN5nVR2Zn2qP1QZQo_fxcaZhaMu5H4Ltvd5-cOQ_yAymsRRztKBmbr73zw1mVOjt1u37JLoSN8y6Alh8iWtgrgbUzwXwgRdDfzFLWFTzhDp1&refId=qNnjo%2F9s5HMIFEr1uJHPZQ%3D%3D&trackingId=EoztBbiEAiaALJQttluDBQ%3D%3D&trk=flagship3_search_srp_jobs,4328458964
N/A,Turing,Germany (Remote),https://www.linkedin.com/jobs/view/4345746947/?eBP=CwEAAAGbSBqpovRaF0AVICkGxbNtOP9IDUEBzJ9r_SE6U9-ECHIcPYnh70yGu07yuZyqCdaZayEf26FkfP-d-PDB-un8b_q5drX_cRwudx8UFECi-RGcL0sr1Grvntib-xHdM1bdmj9JN3J_-zlImsaTgqejS07qK7gXazI1P1mGwzpt_HCIyItyQQsMF9s74_r8TBI84-CXgN65dDWv6EoQ34oAAQAZ8_cdeGhdl2EtGPLrttkCJj6MaXMf22DV01-ATz1UGnfhGD2kYbdZmVHq4o0qD9nNR0fOaQ7FqdnCOi2hdYNLQwuPotbHkbdRh0EK2zH12tPwxzL0pPUKf9x9sDQPwF6LxXL6b18evrfZwjXgrDaQHeYRpgaA0WXy6FnccGB5BcNRCwULFr_lRKKadxNk3YqZ5mv-GyW011jAaAOKgBpaOKZTiNrC7jNwJ2cgTRF1gchMHK-7aJgHBS3C4LbFPvEgyBExUja1ojyStVwKachmgIuCZLSNt6w6Agsc7YFQwhlkcA&refId=qNnjo%2F9s5HMIFEr1uJHPZQ%3D%3D&trackingId=pbI%2BNfCrOsoWUtQdEMCnhw%3D%3D&trk=flagship3_search_srp_jobs,4345746947
N/A,Helsing,"Berlin, Berlin, Germany",https://www.linkedin.com/jobs/view/4350226149/?eBP=CwEAAAGbSBqpokN87HZQOVn5tIMXiTOU7DA7QjuOLfN0-_UMrlrRjPlLbpSeaCqODBiCVUS-AMu3_-lq_G0H3yAD6EicRzej2n9e-UZ6umr1gTS_7Xz_sPD6p5nt796owWVWO57YfTWu-VLP7Ir2Vvj7fLhOlq99eJgqOmKeE3CwUZdKeiHBlJdtnPjOwr5GThIKXQA6HbqpLM2UO85j9yOUcR5SpV4faq5bSZ5b_8aNHc7yfxRIY37CvUM5EbraQqAI4_KPDB2UKK7rK0cAkzw6bB3CcRH4eObEdgYOTncsCQxDT0FWWLRjaYsC2xQa4hx1qZ3c7Fky4GloteNekrolaSjN_ccYUJDZ4x_HsxvlNVmHKdY-Dnc6ZNJRRt3N8fAmciXHprW-GGeoQmA8YOIX_0DaWCAvCGTe8kV00XX6vsWVAAOr54ZmyNzXy0iv25inOSnk3YH99C5ce0qdt-zAH7bjr36uvE0Gu-qZPWVy-z3gzpOVk8Pq2XeO7WXLphTBSeToq5xKnZE7r6I&refId=qNnjo%2F9s5HMIFEr1uJHPZQ%3D%3D&trackingId=T6JGu62NrE9belvV7wSAhw%3D%3D&trk=flagship3_search_srp_jobs,4350226149
N/A,DKB Service GmbH,"Berlin, Berlin, Germany (On-site)",https://www.linkedin.com/jobs/view/4327096027/?eBP=NOT_ELIGIBLE_FOR_CHARGING&refId=qNnjo%2F9s5HMIFEr1uJHPZQ%3D%3D&trackingId=65hDqenNtOSUYlGioDApRg%3D%3D&trk=flagship3_search_srp_jobs,4327096027
N/A,Topsort,Germany (Remote),https://www.linkedin.com/jobs/view/4328677160/?eBP=NOT_ELIGIBLE_FOR_CHARGING&refId=qNnjo%2F9s5HMIFEr1uJHPZQ%3D%3D&trackingId=z9jBZmG3Z0gSTbiBWgA6cg%3D%3D&trk=flagship3_search_srp_jobs,4328677160
N/A,Lumenalta,European Economic Area (Remote),https://www.linkedin.com/jobs/view/4345713401/?eBP=BUDGET_EXHAUSTED_JOB&refId=qNnjo%2F9s5HMIFEr1uJHPZQ%3D%3D&trackingId=00OQnzV74iuefRFABClCcQ%3D%3D&trk=flagship3_search_srp_jobs,4345713401
N/A,SVA System Vertrieb Alexander GmbH,Germany (Remote),https://www.linkedin.com/jobs/view/4328467842/?eBP=BUDGET_EXHAUSTED_JOB&refId=qNnjo%2F9s5HMIFEr1uJHPZQ%3D%3D&trackingId=EE0MA6MCo7SeXwX7YJg0zg%3D%3D&trk=flagship3_search_srp_jobs,4328467842
N/A,Secfix,Germany (Remote),https://www.linkedin.com/jobs/view/4328750967/?eBP=CwEAAAGbSBq7rNSX7W8NocCEiMIkfMI49I5dikCVKeFVQlJGnx5oWAXENXaNg2S5IKq4-pAiQT-aBxRuSo0NVcSczz0bn0XoaQenraA77cMxO-M8eikHpMSAmo_BtVF7cI4CmGf83zNQeihf7RhQnRmvqjgd44r-VxaTMxKSIwWSU5zkoZC-YdK5SplM6pDdJNH5h3TtYfSD0oJuZ5c4Jcl3n2MjTcSSPLEH6ZhpW12Z1RP328At9Mcn3oIPqIGFeoyUR02nEXp_slTgyZFfEF7HMwSaHcnm1eFY4XEpDO0il9LdtxUXNwBNjQa0z4s8y8GHTWS9SwsTYOTZK1KR2f73-KGo97rq4s9l0lYe_SFhfe4_tO0LL2x0N5kQc2HG4DQxMYgvd8_GWyOwx8qIuKM9AqF5zAAXgRRfcpO_-7HPuUOBrMPWVfGeQn2wFLf5bQmJTaiL80p8HB7NmL1jrXFdXuLSiDtVhA9xOd27obVOnNHmWIWJveY1WA&refId=yg8CrJgospitcguQkka8jw%3D%3D&trackingId=aR1XLJUIIIxSypAcTUmBBQ%3D%3D&trk=flagship3_search_srp_jobs,4328750967
N/A,DKB Service GmbH,"Berlin, Berlin, Germany (On-site)",https://www.linkedin.com/jobs/view/4343728374/?eBP=CwEAAAGbSBq7rNiX4PriYUhDP388VIu8cQuMG9n1sUU0kx23sAPNNDIxEKWecbbkBEedV2RHXituITuq4szPlz0tL0_wAWkiSfcnRs8NH69gcGT1q8UqNi1kqKCIKTbcSA4uW26A3MtPIw-n1zujGYWFKHuNYktzrCbeub8tXsePVij93n0gpYiZqPN41qct7DdUMGwFXeOga-R7M0YwxI1UygAYkC5659Al4jeX7NDgJyNBNJoUtveCb_7M6eVsIN58VQMiosLEXOctSewZhy6S36IgmNcEH4ODVVaGx_goO4cbmGyouJ6NRPqNRaduVmY3CeBv3MESO8vlP_pprYg65dUHvFUU5MqTknSkBE4tYk3OHZQ0KNX4GfO4H0A8ZS9Rg2jUf_oJ55OXQwzPB14MbbZYTV-RTPRp89IPu14hzrsiFNCB&refId=yg8CrJgospitcguQkka8jw%3D%3D&trackingId=WimBSdKVnCHMeZdJ%2BPTE%2BA%3D%3D&trk=flagship3_search_srp_jobs,4343728374
N/A,Andersen Lab,Germany (Remote),https://www.linkedin.com/jobs/view/4328659151/?eBP=CwEAAAGbSBq7rLUhUkG8ILlPvWg5IohniWbgRrZ-movDzP4hfgyvUFGUPusY8AssEIwBhRZlf8DxfLw36oqaY-Huhtgl-GeqJmYpS9qxPaAQt03RrkIYatGXWUbBidhyBt3TLbbpy7iwN-kPSK6j5rHbiXd1NTFpsN04xlb3AzCBGLz-f9NbMcfHsS050A2h14FlVROz_2ArNqDsl4fhnrXlUyVxZ3B_APk8oO-FsVX974G9QZweEhm41xEzQDQZw7o-7qYUwACFCLO_1A3ut8E-fEwOtc6-HjztOqRl5LjDPAp__wr-4Q_S2Q6aZ2z_LPs6IaPtxEAya87ehNFQnXCBkxuK5vsE-hyU2i3djxqHo5ShDMdIUqYmfLKpVq1WRD7ZBDIK2aIUV8WcRhSNyBckEbT-uCYKOxdMRl-gK4s_BkGmlEV0P0pj-PXbUNUy4cOUtCpgsjNSCwKinjw9K56585XewruL5cT0TMwvjXX0cNHOucGN-rcs&refId=yg8CrJgospitcguQkka8jw%3D%3D&trackingId=hW%2BPlXYkz6iVLyMo8qWXCw%3D%3D&trk=flagship3_search_srp_jobs,4328659151
N/A,Helsing,"Berlin, Berlin, Germany",https://www.linkedin.com/jobs/view/4316259871/?eBP=CwEAAAGbSBq7rBYfzuSesTEzdJyjkU_S230uM8tBCaJmPF1AJSxeG_fNSYwSsxeiD8Up4raFthHXtEOwkUMiy366AWuAB2oJ4bkEdjUsh3EwOE4NfMANV3WXbg9sg333ACHr9W5iWdrXbAwInay_bmtizvchOvL9lf_QhKX2svoG3YNrkMIVS3C4izpZi8Qvn1IPLjqLMyECm2OZNGxmvuxeVIWl_kWaL6V0JbojVblgXCaPGutDfUJoXQ7_nD-cBj7w8F6D_uN-GrAUn9nc4aYDbUFwiLdgr_R45TGXvW1vaxqip6fry089N4AwRuaEzBBMfKumFlYoRtA_sjP0GNM9ZD8priDMTM7fJYAA7E57aQ1yfrwDUKati1uoUzEC0IxpuK6mz--3kO8GTF2YnIxB11-PFyz5ejgbjwag08g2LE6SsR0pIH8nglHK_b12pqnZoWwRRtFC7v5q6OYZISLuNqVifjxsi_zRQdgn0z99F2A2FYGJAkCnW6Ape-NzYwwpdbKsGJIb7w&refId=yg8CrJgospitcguQkka8jw%3D%3D&trackingId=qzXJhzgHrbHLTodlpvJjhw%3D%3D&trk=flagship3_search_srp_jobs,4316259871
N/A,Lumenalta,European Economic Area (Remote),https://www.linkedin.com/jobs/view/4345763145/?eBP=BUDGET_EXHAUSTED_JOB&refId=yg8CrJgospitcguQkka8jw%3D%3D&trackingId=n918YAFiQsaSuYTQFtPA0g%3D%3D&trk=flagship3_search_srp_jobs,4345763145
N/A,Turing,Germany (Remote),https://www.linkedin.com/jobs/view/4345832773/?eBP=BUDGET_EXHAUSTED_JOB&refId=yg8CrJgospitcguQkka8jw%3D%3D&trackingId=NPAyVUycgeGGNFvGcB5LrA%3D%3D&trk=flagship3_search_srp_jobs,4345832773
N/A,Acto,"Berlin, Germany (Remote)",https://www.linkedin.com/jobs/view/4347008397/?eBP=BUDGET_EXHAUSTED_JOB&refId=yg8CrJgospitcguQkka8jw%3D%3D&trackingId=8NULanJgmdsXk18z2U8CZw%3D%3D&trk=flagship3_search_srp_jobs,4347008397
N/A,Secfix,Germany (Remote),https://www.linkedin.com/jobs/view/4328890826/?eBP=CwEAAAGbSBrMzKiH3iLy00LasHO7O4MoWPNEcfSkU3LoFo41Hj3SrNJQjq5qL-c3xZ07QXaHYXSEwsDxBUeKVUge6FdwqORAr0htWTwA-dgPsgFHY7G-7hdd0_rzOG_t433hEWJueu26Fee-HxMrlV5Y3dGW04zvImRvJzNpYANrFwifuA_EfU0sl3BjrCaXUerpgX3unAPXkl9rBkNHQjWr_mKoFFueG90UgYUqStief1mp5xyhrt4lSUQ-52c37Hym63hCYysSQi-Dxuy93GTRTD2jwxdcVhufBvEpThoV91UL5P4MociwFnYWnelwNWBK0MKXpuhN8QOZo-bXNaobhgTFnWja_VmRusrhpU18UaZ5dxyKOXahiQOuGpg1GP1jvHiC1GglcEm4eiQWecWUOfsPPJwNFduDfqrHJeA_tsgZVvOB_TpIT5BcnBT--AHupceR-DS9AxVXEPpIPTYwVEa5Ijp7IrtAsCbdiQb9Lz_EyJRdiwlb6TnI&refId=lMYAcKqkbI9dY9UWMgOegA%3D%3D&trackingId=Qm0l1st5zhPFcNGrlYac7w%3D%3D&trk=flagship3_search_srp_jobs,4328890826
N/A,DKB Service GmbH,"Berlin, Berlin, Germany (On-site)",https://www.linkedin.com/jobs/view/4343758095/?eBP=CwEAAAGbSBrMzENd_3yHY21NFCv33A5_BMY01MEgoDF8u4utAPgkJmwYJLct_k7tnbNa9Qcx44zXvswkcc2p4ld1My8DkQNcYDQ-Uh30Lb4hI83OpGLgEg3mEn19Ozt9VJL5iyPmsVA7RtOGy1pEkN0PH2AmSPKAFm00fnrkbyel8mjsFGfQ3WUa_-om3chm-UlqsQxMp12HPt5NCmOvAenk5vBuT10QQ7eS7921r5k5Yo1IW4-SbejT-FHatvoLz7gNzKlU6r5lPXWq9NzXpDUVNE3n3J7OXRzz8MosA3NRzWMj40asx6Icy3u0L_5zi4vfnYB3oH0Z7sz0R_dF0ljDVjZLesN-IE76XITXImBrrMN9m73QtRFliRXYGQV8TvgRXGfoC_8RC_6UXqxqlFtDkT0-1hlWKrLGlr-j1g-a4rfI2g&refId=lMYAcKqkbI9dY9UWMgOegA%3D%3D&trackingId=IWlYusbWELTCS1Qf%2BZt3ug%3D%3D&trk=flagship3_search_srp_jobs,4343758095
N/A,Helsing,"Berlin, Berlin, Germany",https://www.linkedin.com/jobs/view/4349519884/?eBP=BUDGET_EXHAUSTED_JOB&refId=lMYAcKqkbI9dY9UWMgOegA%3D%3D&trackingId=TGxSL73%2B9fuHCdpHFB9YNQ%3D%3D&trk=flagship3_search_srp_jobs,4349519884
N/A,Proxify,EMEA (Remote),https://www.linkedin.com/jobs/view/4322239016/?eBP=NOT_ELIGIBLE_FOR_CHARGING&refId=lMYAcKqkbI9dY9UWMgOegA%3D%3D&trackingId=yUF7wXtIf8Xtvm1igeIvSg%3D%3D&trk=flagship3_search_srp_jobs,4322239016
N/A,Turing,Germany (Remote),https://www.linkedin.com/jobs/view/4345746950/?eBP=BUDGET_EXHAUSTED_JOB&refId=lMYAcKqkbI9dY9UWMgOegA%3D%3D&trackingId=Xf6%2BTz1g7rNan9Z96vHSLg%3D%3D&trk=flagship3_search_srp_jobs,4345746950
N/A,adesso SE,"Berlin, Berlin, Germany (On-site)",https://www.linkedin.com/jobs/view/4246248898/?eBP=BUDGET_EXHAUSTED_JOB&refId=lMYAcKqkbI9dY9UWMgOegA%3D%3D&trackingId=1KCXhuVzfNnRa3ftP6KVXA%3D%3D&trk=flagship3_search_srp_jobs,4246248898
N/A,K&K Talents,Germany (Remote),https://www.linkedin.com/jobs/view/4345705667/?eBP=CwEAAAGbSBrMzCHYg5X1MPHLBH9LA0pwLAVcP7t39XdMc1_fztzNlGvG9uUElR3-2O0RUBrC78e2JlNwgW5Vh8Q16p1hmkbGXdpr6vZDBekvd8gJ1od5dwq9f1AJLXrNQGBQjum7smee-Zr6mdDhMmjoFdzCRMId6JcoT4-09UJdc5-bjrKowwrLI_a1WPoIC5nPf52dP152Rd6cWI9Q6YaWU3kE_WcKMVxIyG--NVQU1-fZZ--0g0IILkQbInjm7a6QlnxcnvHdBo617FE1T48FxBfqU-BpVeZJNAkFK09sVY_bJG-_I5ReyPvJcqtRDmPenrMlZOMUjxfE72wiNMx0JysCZKAAH5Wkg4ealOH7mLHS--TWcxfGnozNctjYGdhlvWvsQIvMhTLx42CfxGMh96lVi-ovXfMGrsb6h3EeZJ3hx8GfOCFjup7zTsgelI3KeRFFFo6U2ltTbBhndEgV0SERJs3rOKG34fvk_SySxjmn7nDS_ENfsCCEx0_67Gz5TnCvhDuENiGeZ0Ibcsav&refId=lMYAcKqkbI9dY9UWMgOegA%3D%3D&trackingId=fmkmIz4F7YNyeesZOzbXJQ%3D%3D&trk=flagship3_search_srp_jobs,4345705667
